generator_source,window_label,window_seconds,model_name,attack_family,scenario_count,mean_precision,mean_recall,mean_f1,detection_rate,mean_latency_seconds
chatgpt,10s,10,autoencoder,command_delay,1,0.2105263157894736,0.1502347417840375,0.1753424657534246,1.0,1.0
claude,10s,10,autoencoder,command_delay,1,0.4337121212121212,0.9423868312757202,0.5940337224383917,1.0,1.0
grok,10s,10,autoencoder,command_delay,1,0.3606340819022457,1.0,0.5300970873786408,1.0,1.0
human_authored,10s,10,autoencoder,command_delay,1,0.3051575931232091,1.0,0.4676180021953897,1.0,1.0
chatgpt,10s,10,autoencoder,command_suppression,1,0.4439024390243902,1.0,0.6148648648648649,1.0,1.0
claude,10s,10,autoencoder,command_suppression,1,0.3112903225806451,0.5795795795795796,0.4050367261280168,1.0,1.0
gemini,10s,10,autoencoder,command_suppression,1,0.7878260869565218,1.0,0.8813229571984436,1.0,1.0
grok,10s,10,autoencoder,command_suppression,1,0.1450236966824644,1.0,0.2533112582781457,1.0,1.0
human_authored,10s,10,autoencoder,command_suppression,1,0.1450236966824644,1.0,0.2533112582781457,1.0,1.0
chatgpt,10s,10,autoencoder,coordinated_campaign,1,0.2869565217391304,1.0,0.4459459459459459,1.0,1.0
grok,10s,10,autoencoder,coordinated_campaign,1,0.2514522821576763,1.0,0.4018567639257294,1.0,1.0
human_authored,10s,10,autoencoder,coordinated_campaign,1,0.3343173431734317,1.0,0.5011061946902655,1.0,1.0
chatgpt,10s,10,autoencoder,degradation,1,0.1682600382409178,0.5751633986928104,0.2603550295857988,1.0,1.0
gemini,10s,10,autoencoder,degradation,2,0.43835037922316705,1.0,0.5742815322755179,1.0,1.0
grok,10s,10,autoencoder,degradation,1,0.2122270742358078,1.0,0.3501440922190201,1.0,1.0
human_authored,10s,10,autoencoder,degradation,1,0.164625850340136,0.4979423868312757,0.2474437627811861,1.0,1.0
chatgpt,10s,10,autoencoder,false_data_injection,2,0.11655405405405406,0.059402045633359504,0.07820312201824356,1.0,1.0
claude,10s,10,autoencoder,false_data_injection,4,0.15217539274143044,0.1258139936513657,0.11276627805610495,1.0,1.0
gemini,10s,10,autoencoder,false_data_injection,1,0.1777777777777777,0.0522875816993464,0.0808080808080808,1.0,1.0
grok,10s,10,autoencoder,false_data_injection,3,0.15790789927561225,0.6830601092896175,0.20971754085448246,1.0,1.0
human_authored,10s,10,autoencoder,false_data_injection,1,0.1666666666666666,0.065040650406504,0.0935672514619883,1.0,1.0
chatgpt,10s,10,autoencoder,unauthorized_command,2,0.14077272281241765,1.0,0.24378243944636674,1.0,1.0
claude,10s,10,autoencoder,unauthorized_command,1,0.4206257242178447,1.0,0.5921696574225123,1.0,1.0
gemini,10s,10,autoencoder,unauthorized_command,1,0.4617151607963246,1.0,0.6317443687794657,1.0,1.0
grok,10s,10,autoencoder,unauthorized_command,2,0.1222489959839357,1.0,0.2178571428571428,1.0,1.0
human_authored,10s,10,autoencoder,unauthorized_command,1,0.3139896373056995,1.0,0.4779179810725552,1.0,1.0
chatgpt,10s,10,gru,command_delay,1,0.1910313901345291,1.0,0.3207831325301205,1.0,1.0
claude,10s,10,gru,command_delay,1,0.2122270742358078,1.0,0.3501440922190201,1.0,1.0
grok,10s,10,gru,command_delay,1,0.2323404255319149,1.0,0.3770718232044199,1.0,1.0
human_authored,10s,10,gru,command_delay,1,0.1910313901345291,1.0,0.3207831325301205,1.0,1.0
chatgpt,10s,10,gru,command_suppression,1,0.2323404255319149,1.0,0.3770718232044199,1.0,1.0
claude,10s,10,gru,command_suppression,1,0.2696356275303643,1.0,0.4247448979591837,1.0,1.0
gemini,10s,10,gru,command_suppression,1,0.3343173431734317,1.0,0.5011061946902655,1.0,1.0
grok,10s,10,gru,command_suppression,1,0.1450236966824644,1.0,0.2533112582781457,1.0,1.0
human_authored,10s,10,gru,command_suppression,1,0.1450236966824644,1.0,0.2533112582781457,1.0,1.0
chatgpt,10s,10,gru,coordinated_campaign,1,0.2869565217391304,1.0,0.4459459459459459,1.0,1.0
grok,10s,10,gru,coordinated_campaign,1,0.9409937888198758,1.0,0.9696,1.0,3.0
human_authored,10s,10,gru,coordinated_campaign,1,0.3343173431734317,1.0,0.5011061946902655,1.0,1.0
chatgpt,10s,10,gru,degradation,1,0.1450236966824644,1.0,0.2533112582781457,1.0,1.0
gemini,10s,10,gru,degradation,2,0.12572614107883814,0.5,0.2009283819628647,0.5,1.0
grok,10s,10,gru,degradation,1,0.2122270742358078,1.0,0.3501440922190201,1.0,1.0
human_authored,10s,10,gru,degradation,1,0.2122270742358078,1.0,0.3501440922190201,1.0,1.0
chatgpt,10s,10,gru,false_data_injection,2,0.1067336683417085,1.0,0.19262079831932766,1.0,1.0
claude,10s,10,gru,false_data_injection,4,0.14329058032199804,1.0,0.24866706557295104,1.0,1.0
gemini,10s,10,gru,false_data_injection,1,0.1450236966824644,1.0,0.2533112582781457,1.0,1.0
grok,10s,10,gru,false_data_injection,3,0.11989832820152503,0.6666666666666666,0.20314222188438294,0.6666666666666666,1.0
human_authored,10s,10,gru,false_data_injection,1,0.12,1.0,0.2142857142857142,1.0,1.0
chatgpt,10s,10,gru,unauthorized_command,2,0.1310654655767315,1.0,0.22979970773798475,1.0,1.0
claude,10s,10,gru,unauthorized_command,1,0.2884615384615384,0.9917355371900828,0.4469273743016759,1.0,1.0
gemini,10s,10,gru,unauthorized_command,1,0.4587813620071684,0.6368159203980099,0.5333333333333333,1.0,1.0
grok,10s,10,gru,unauthorized_command,2,0.06656455142231944,0.532258064516129,0.11805194805194799,1.0,1.0
human_authored,10s,10,gru,unauthorized_command,1,0.2514522821576763,1.0,0.4018567639257294,1.0,1.0
chatgpt,10s,10,isolation_forest,command_delay,1,0.1910313901345291,1.0,0.3207831325301205,1.0,1.0
claude,10s,10,isolation_forest,command_delay,1,0.2122270742358078,1.0,0.3501440922190201,1.0,1.0
grok,10s,10,isolation_forest,command_delay,1,0.2323404255319149,1.0,0.3770718232044199,1.0,1.0
human_authored,10s,10,isolation_forest,command_delay,1,0.1910313901345291,1.0,0.3207831325301205,1.0,1.0
chatgpt,10s,10,isolation_forest,command_suppression,1,0.2323404255319149,1.0,0.3770718232044199,1.0,1.0
claude,10s,10,isolation_forest,command_suppression,1,0.2696356275303643,1.0,0.4247448979591837,1.0,1.0
gemini,10s,10,isolation_forest,command_suppression,1,0.3343173431734317,1.0,0.5011061946902655,1.0,1.0
grok,10s,10,isolation_forest,command_suppression,1,0.1450236966824644,1.0,0.2533112582781457,1.0,1.0
human_authored,10s,10,isolation_forest,command_suppression,1,0.1450236966824644,1.0,0.2533112582781457,1.0,1.0
chatgpt,10s,10,isolation_forest,coordinated_campaign,1,0.2869565217391304,1.0,0.4459459459459459,1.0,1.0
grok,10s,10,isolation_forest,coordinated_campaign,1,0.0238095238095238,0.0363036303630363,0.0287581699346405,1.0,1.0
human_authored,10s,10,isolation_forest,coordinated_campaign,1,0.0594989561586638,0.1258278145695364,0.0807937632884479,1.0,1.0
chatgpt,10s,10,isolation_forest,degradation,1,0.1450236966824644,1.0,0.2533112582781457,1.0,1.0
gemini,10s,10,isolation_forest,degradation,2,0.23183967819674206,1.0,0.37600042807237477,1.0,1.0
grok,10s,10,isolation_forest,degradation,1,0.2122270742358078,1.0,0.3501440922190201,1.0,1.0
human_authored,10s,10,isolation_forest,degradation,1,0.2122270742358078,1.0,0.3501440922190201,1.0,1.0
chatgpt,10s,10,isolation_forest,false_data_injection,2,0.1067336683417085,1.0,0.19262079831932766,1.0,1.0
claude,10s,10,isolation_forest,false_data_injection,4,0.14329058032199804,1.0,0.24866706557295104,1.0,1.0
gemini,10s,10,isolation_forest,false_data_injection,1,0.1450236966824644,1.0,0.2533112582781457,1.0,1.0
grok,10s,10,isolation_forest,false_data_injection,3,0.11989832820152503,0.6666666666666666,0.20314222188438294,0.6666666666666666,1.0
human_authored,10s,10,isolation_forest,false_data_injection,1,0.12,1.0,0.2142857142857142,1.0,1.0
chatgpt,10s,10,isolation_forest,unauthorized_command,2,0.1310654655767315,1.0,0.22979970773798475,1.0,1.0
claude,10s,10,isolation_forest,unauthorized_command,1,0.2869565217391304,1.0,0.4459459459459459,1.0,1.0
gemini,10s,10,isolation_forest,unauthorized_command,1,0.4006644518272425,1.0,0.5721062618595826,1.0,1.0
grok,10s,10,isolation_forest,unauthorized_command,2,0.1067336683417085,1.0,0.19262079831932766,1.0,1.0
human_authored,10s,10,isolation_forest,unauthorized_command,1,0.2514522821576763,1.0,0.4018567639257294,1.0,1.0
chatgpt,10s,10,lstm,command_delay,1,0.1910313901345291,1.0,0.3207831325301205,1.0,1.0
claude,10s,10,lstm,command_delay,1,0.2122270742358078,1.0,0.3501440922190201,1.0,1.0
grok,10s,10,lstm,command_delay,1,0.2323404255319149,1.0,0.3770718232044199,1.0,1.0
human_authored,10s,10,lstm,command_delay,1,0.1910313901345291,1.0,0.3207831325301205,1.0,1.0
chatgpt,10s,10,lstm,command_suppression,1,0.2323404255319149,1.0,0.3770718232044199,1.0,1.0
claude,10s,10,lstm,command_suppression,1,0.2696356275303643,1.0,0.4247448979591837,1.0,1.0
gemini,10s,10,lstm,command_suppression,1,0.3343173431734317,1.0,0.5011061946902655,1.0,1.0
grok,10s,10,lstm,command_suppression,1,0.1450236966824644,1.0,0.2533112582781457,1.0,1.0
human_authored,10s,10,lstm,command_suppression,1,0.1450236966824644,1.0,0.2533112582781457,1.0,1.0
chatgpt,10s,10,lstm,coordinated_campaign,1,0.2869565217391304,1.0,0.4459459459459459,1.0,1.0
grok,10s,10,lstm,coordinated_campaign,1,0.7849740932642487,1.0,0.8795355587808418,1.0,3.0
human_authored,10s,10,lstm,coordinated_campaign,1,0.3343173431734317,1.0,0.5011061946902655,1.0,1.0
chatgpt,10s,10,lstm,degradation,1,0.1450236966824644,1.0,0.2533112582781457,1.0,1.0
gemini,10s,10,lstm,degradation,2,0.12572614107883814,0.5,0.2009283819628647,0.5,1.0
grok,10s,10,lstm,degradation,1,0.2122270742358078,1.0,0.3501440922190201,1.0,1.0
human_authored,10s,10,lstm,degradation,1,0.2122270742358078,1.0,0.3501440922190201,1.0,1.0
chatgpt,10s,10,lstm,false_data_injection,2,0.1067336683417085,1.0,0.19262079831932766,1.0,1.0
claude,10s,10,lstm,false_data_injection,4,0.14329058032199804,1.0,0.24866706557295104,1.0,1.0
gemini,10s,10,lstm,false_data_injection,1,0.1450236966824644,1.0,0.2533112582781457,1.0,1.0
grok,10s,10,lstm,false_data_injection,3,0.11989832820152503,0.6666666666666666,0.20314222188438294,0.6666666666666666,1.0
human_authored,10s,10,lstm,false_data_injection,1,0.12,1.0,0.2142857142857142,1.0,1.0
chatgpt,10s,10,lstm,unauthorized_command,2,0.1310654655767315,1.0,0.22979970773798475,1.0,1.0
claude,10s,10,lstm,unauthorized_command,1,0.288095238095238,1.0,0.4473197781885397,1.0,1.0
gemini,10s,10,lstm,unauthorized_command,1,0.4643705463182898,0.648424543946932,0.5411764705882353,1.0,1.0
grok,10s,10,lstm,unauthorized_command,2,0.06978260869565214,0.5483870967741935,0.12341772151898729,1.0,1.0
human_authored,10s,10,lstm,unauthorized_command,1,0.2514522821576763,1.0,0.4018567639257294,1.0,1.0
chatgpt,10s,10,threshold_baseline,command_delay,1,1.0,1.0,1.0,1.0,3.0
claude,10s,10,threshold_baseline,command_delay,1,0.6363636363636364,0.0288065843621399,0.0551181102362204,1.0,83.0
grok,10s,10,threshold_baseline,command_delay,1,0.0,0.0,0.0,0.0,
human_authored,10s,10,threshold_baseline,command_delay,1,0.0,0.0,0.0,0.0,
chatgpt,10s,10,threshold_baseline,command_suppression,1,0.0,0.0,0.0,0.0,
claude,10s,10,threshold_baseline,command_suppression,1,0.0,0.0,0.0,0.0,
gemini,10s,10,threshold_baseline,command_suppression,1,0.0,0.0,0.0,1.0,1559.0
grok,10s,10,threshold_baseline,command_suppression,1,0.0,0.0,0.0,0.0,
human_authored,10s,10,threshold_baseline,command_suppression,1,0.0,0.0,0.0,0.0,
chatgpt,10s,10,threshold_baseline,coordinated_campaign,1,0.9972527472527472,1.0,0.998624484181568,1.0,3.0
grok,10s,10,threshold_baseline,coordinated_campaign,1,0.2737127371273712,1.0,0.4297872340425532,1.0,3.0
human_authored,10s,10,threshold_baseline,coordinated_campaign,1,0.9955654101995566,0.9911699779249448,0.9933628318584072,1.0,11.0
chatgpt,10s,10,threshold_baseline,degradation,1,0.0,0.0,0.0,0.0,
gemini,10s,10,threshold_baseline,degradation,2,0.4999057315233786,0.5020576131687242,0.5004187901932113,1.0,27.0
grok,10s,10,threshold_baseline,degradation,1,0.0,0.0,0.0,0.0,
human_authored,10s,10,threshold_baseline,degradation,1,0.0,0.0,0.0,0.0,
chatgpt,10s,10,threshold_baseline,false_data_injection,2,0.0,0.0,0.0,0.0,
claude,10s,10,threshold_baseline,false_data_injection,4,0.0,0.0,0.0,0.0,
gemini,10s,10,threshold_baseline,false_data_injection,1,0.0,0.0,0.0,0.0,
grok,10s,10,threshold_baseline,false_data_injection,3,0.04423076923076923,0.3333333333333333,0.07809847198641763,0.3333333333333333,1.0
human_authored,10s,10,threshold_baseline,false_data_injection,1,0.0,0.0,0.0,0.0,
chatgpt,10s,10,threshold_baseline,unauthorized_command,2,0.0,0.0,0.0,0.0,
claude,10s,10,threshold_baseline,unauthorized_command,1,0.4452644526445264,0.9972451790633609,0.6156462585034014,1.0,5.0
gemini,10s,10,threshold_baseline,unauthorized_command,1,0.1287128712871287,0.0215588723051409,0.0369318181818181,1.0,355.0
grok,10s,10,threshold_baseline,unauthorized_command,2,0.09615384615384615,0.0268817204301075,0.04201680672268905,0.5,63.0
human_authored,10s,10,threshold_baseline,unauthorized_command,1,0.0,0.0,0.0,0.0,
chatgpt,10s,10,transformer,command_delay,1,0.1910313901345291,1.0,0.3207831325301205,1.0,1.0
claude,10s,10,transformer,command_delay,1,0.2122270742358078,1.0,0.3501440922190201,1.0,1.0
grok,10s,10,transformer,command_delay,1,0.2323404255319149,1.0,0.3770718232044199,1.0,1.0
human_authored,10s,10,transformer,command_delay,1,0.1910313901345291,1.0,0.3207831325301205,1.0,1.0
chatgpt,10s,10,transformer,command_suppression,1,0.2323404255319149,1.0,0.3770718232044199,1.0,1.0
claude,10s,10,transformer,command_suppression,1,0.2696356275303643,1.0,0.4247448979591837,1.0,1.0
gemini,10s,10,transformer,command_suppression,1,0.3343173431734317,1.0,0.5011061946902655,1.0,1.0
grok,10s,10,transformer,command_suppression,1,0.1450236966824644,1.0,0.2533112582781457,1.0,1.0
human_authored,10s,10,transformer,command_suppression,1,0.1450236966824644,1.0,0.2533112582781457,1.0,1.0
chatgpt,10s,10,transformer,coordinated_campaign,1,0.4373493975903614,1.0,0.6085498742665549,1.0,1.0
grok,10s,10,transformer,coordinated_campaign,1,0.3307860262008734,1.0,0.4971287940935193,1.0,1.0
human_authored,10s,10,transformer,coordinated_campaign,1,0.3343173431734317,1.0,0.5011061946902655,1.0,1.0
chatgpt,10s,10,transformer,degradation,1,0.1450236966824644,1.0,0.2533112582781457,1.0,1.0
gemini,10s,10,transformer,degradation,2,0.24177198635104444,1.0,0.3893004749861205,1.0,1.0
grok,10s,10,transformer,degradation,1,0.2122270742358078,1.0,0.3501440922190201,1.0,1.0
human_authored,10s,10,transformer,degradation,1,0.2122270742358078,1.0,0.3501440922190201,1.0,1.0
chatgpt,10s,10,transformer,false_data_injection,2,0.1067336683417085,1.0,0.19262079831932766,1.0,1.0
claude,10s,10,transformer,false_data_injection,4,0.14329058032199804,1.0,0.24866706557295104,1.0,1.0
gemini,10s,10,transformer,false_data_injection,1,0.1450236966824644,1.0,0.2533112582781457,1.0,1.0
grok,10s,10,transformer,false_data_injection,3,0.16412909743229429,1.0,0.2812406938708006,1.0,1.0
human_authored,10s,10,transformer,false_data_injection,1,0.12,1.0,0.2142857142857142,1.0,1.0
chatgpt,10s,10,transformer,unauthorized_command,2,0.1295273778699231,0.9890710382513661,0.22709186522710345,1.0,1.0
claude,10s,10,transformer,unauthorized_command,1,0.3392523364485981,1.0,0.5066294487090021,1.0,1.0
gemini,10s,10,transformer,unauthorized_command,1,0.4624553039332538,0.6434494195688225,0.5381414701803051,1.0,1.0
grok,10s,10,transformer,unauthorized_command,2,0.06330396475770925,0.5161290322580645,0.11262731783755545,1.0,1.0
human_authored,10s,10,transformer,unauthorized_command,1,0.2514522821576763,1.0,0.4018567639257294,1.0,1.0
chatgpt,60s,60,autoencoder,command_delay,1,0.25,1.0,0.4,1.0,1.0
claude,60s,60,autoencoder,command_delay,1,0.3307692307692307,1.0,0.4971098265895953,1.0,1.0
grok,60s,60,autoencoder,command_delay,1,0.676056338028169,1.0,0.8067226890756303,1.0,1.0
human_authored,60s,60,autoencoder,command_delay,1,0.5671641791044776,1.0,0.7238095238095238,1.0,1.0
chatgpt,60s,60,autoencoder,command_suppression,1,0.2580645161290322,1.0,0.4102564102564102,1.0,1.0
claude,60s,60,autoencoder,command_suppression,1,0.3293413173652694,0.9482758620689656,0.4888888888888889,1.0,1.0
gemini,60s,60,autoencoder,command_suppression,1,0.40625,1.0,0.5777777777777777,1.0,1.0
grok,60s,60,autoencoder,command_suppression,1,0.1785714285714285,0.1785714285714285,0.1785714285714285,1.0,1.0
human_authored,60s,60,autoencoder,command_suppression,1,0.3,0.75,0.4285714285714285,1.0,1.0
chatgpt,60s,60,autoencoder,coordinated_campaign,1,0.2930232558139535,1.0,0.4532374100719424,1.0,1.0
grok,60s,60,autoencoder,coordinated_campaign,1,0.2585365853658536,1.0,0.4108527131782946,1.0,1.0
human_authored,60s,60,autoencoder,coordinated_campaign,1,0.3391304347826087,1.0,0.5064935064935064,1.0,1.0
chatgpt,60s,60,autoencoder,degradation,1,0.1728395061728395,1.0,0.2947368421052631,1.0,1.0
gemini,60s,60,autoencoder,degradation,2,0.2643261776982707,1.0,0.41622782446311857,1.0,1.0
grok,60s,60,autoencoder,degradation,1,0.2575757575757575,0.3953488372093023,0.3119266055045872,1.0,1.0
human_authored,60s,60,autoencoder,degradation,1,0.2087912087912088,0.8837209302325582,0.3377777777777778,1.0,1.0
chatgpt,60s,60,autoencoder,false_data_injection,2,0.404040404040404,0.1980676328502415,0.2657952069716775,1.0,1.0
claude,60s,60,autoencoder,false_data_injection,4,0.31590696587190276,0.3478752051406513,0.24176620609882848,1.0,1.0
gemini,60s,60,autoencoder,false_data_injection,1,0.4,0.1428571428571428,0.2105263157894736,1.0,1.0
grok,60s,60,autoencoder,false_data_injection,3,0.20714562461947192,0.6834130781499203,0.2628149792411723,1.0,1.0
human_authored,60s,60,autoencoder,false_data_injection,1,0.5555555555555556,0.217391304347826,0.3125,1.0,1.0
chatgpt,60s,60,autoencoder,unauthorized_command,2,0.15416817033561886,1.0,0.26411202778983933,1.0,1.0
claude,60s,60,autoencoder,unauthorized_command,1,0.4405594405594406,1.0,0.6116504854368932,1.0,1.0
gemini,60s,60,autoencoder,unauthorized_command,1,0.4153225806451613,1.0,0.5868945868945868,1.0,1.0
grok,60s,60,autoencoder,unauthorized_command,2,0.1317296102852551,0.9130434782608696,0.2292589763177998,1.0,1.0
human_authored,60s,60,autoencoder,unauthorized_command,1,0.3231707317073171,1.0,0.488479262672811,1.0,1.0
chatgpt,60s,60,gru,command_delay,1,1.0,0.0263157894736842,0.0512820512820512,1.0,25.0
claude,60s,60,gru,command_delay,1,1.0,0.3023255813953488,0.4642857142857143,1.0,13.0
grok,60s,60,gru,command_delay,1,0.7164179104477612,1.0,0.8347826086956521,1.0,13.0
human_authored,60s,60,gru,command_delay,1,0.7307692307692307,1.0,0.8444444444444444,1.0,13.0
chatgpt,60s,60,gru,command_suppression,1,0.9230769230769232,1.0,0.96,1.0,13.0
claude,60s,60,gru,command_suppression,1,1.0,0.2413793103448276,0.3888888888888889,1.0,13.0
gemini,60s,60,gru,command_suppression,1,0.9069767441860463,1.0,0.951219512195122,1.0,13.0
grok,60s,60,gru,command_suppression,1,1.0,0.5357142857142857,0.6976744186046512,1.0,13.0
human_authored,60s,60,gru,command_suppression,1,1.0,0.5357142857142857,0.6976744186046512,1.0,13.0
chatgpt,60s,60,gru,coordinated_campaign,1,0.5,0.0634920634920634,0.1126760563380281,1.0,1.0
grok,60s,60,gru,coordinated_campaign,1,1.0,0.1698113207547169,0.2903225806451613,1.0,25.0
human_authored,60s,60,gru,coordinated_campaign,1,0.75,0.0384615384615384,0.073170731707317,1.0,1.0
chatgpt,60s,60,gru,degradation,1,1.0,0.4642857142857143,0.6341463414634146,1.0,13.0
gemini,60s,60,gru,degradation,2,1.0,0.13361123299692845,0.23531420765027317,1.0,31.0
grok,60s,60,gru,degradation,1,1.0,0.3488372093023256,0.5172413793103449,1.0,13.0
human_authored,60s,60,gru,degradation,1,1.0,0.3255813953488372,0.4912280701754385,1.0,13.0
chatgpt,60s,60,gru,false_data_injection,2,1.0,0.6932367149758454,0.8158783783783784,1.0,13.0
claude,60s,60,gru,false_data_injection,4,1.0,0.5513631740748446,0.6983847933642193,1.0,13.0
gemini,60s,60,gru,false_data_injection,1,1.0,0.5,0.6666666666666666,1.0,13.0
grok,60s,60,gru,false_data_injection,3,1.0,0.30873512452459817,0.44463162623539976,1.0,21.0
human_authored,60s,60,gru,false_data_injection,1,1.0,0.6086956521739131,0.7567567567567568,1.0,13.0
chatgpt,60s,60,gru,unauthorized_command,2,1.0,0.6287878787878788,0.7524177949709865,1.0,13.0
claude,60s,60,gru,unauthorized_command,1,0.0,0.0,0.0,0.0,
gemini,60s,60,gru,unauthorized_command,1,1.0,0.0776699029126213,0.1441441441441441,1.0,13.0
grok,60s,60,gru,unauthorized_command,2,1.0,0.23188405797101447,0.36538461538461536,1.0,19.0
human_authored,60s,60,gru,unauthorized_command,1,1.0,0.2641509433962264,0.417910447761194,1.0,13.0
chatgpt,60s,60,isolation_forest,command_delay,1,0.2,1.0,0.3333333333333333,1.0,1.0
claude,60s,60,isolation_forest,command_delay,1,0.2205128205128205,1.0,0.361344537815126,1.0,1.0
grok,60s,60,isolation_forest,command_delay,1,0.24,1.0,0.3870967741935484,1.0,1.0
human_authored,60s,60,isolation_forest,command_delay,1,0.2,1.0,0.3333333333333333,1.0,1.0
chatgpt,60s,60,isolation_forest,command_suppression,1,0.24,1.0,0.3870967741935484,1.0,1.0
claude,60s,60,isolation_forest,command_suppression,1,0.2761904761904762,1.0,0.4328358208955223,1.0,1.0
gemini,60s,60,isolation_forest,command_suppression,1,0.3391304347826087,1.0,0.5064935064935064,1.0,1.0
grok,60s,60,isolation_forest,command_suppression,1,0.1555555555555555,1.0,0.2692307692307692,1.0,1.0
human_authored,60s,60,isolation_forest,command_suppression,1,0.1555555555555555,1.0,0.2692307692307692,1.0,1.0
chatgpt,60s,60,isolation_forest,coordinated_campaign,1,0.2930232558139535,1.0,0.4532374100719424,1.0,1.0
grok,60s,60,isolation_forest,coordinated_campaign,1,0.0,0.0,0.0,0.0,
human_authored,60s,60,isolation_forest,coordinated_campaign,1,0.0390625,0.0641025641025641,0.0485436893203883,1.0,1.0
chatgpt,60s,60,isolation_forest,degradation,1,0.1555555555555555,1.0,0.2692307692307692,1.0,1.0
gemini,60s,60,isolation_forest,degradation,2,0.23751571536333915,0.9883720930232558,0.382641546462565,1.0,1.0
grok,60s,60,isolation_forest,degradation,1,0.2205128205128205,1.0,0.361344537815126,1.0,1.0
human_authored,60s,60,isolation_forest,degradation,1,0.2205128205128205,1.0,0.361344537815126,1.0,1.0
chatgpt,60s,60,isolation_forest,false_data_injection,2,0.1186554621848739,1.0,0.21190629701267993,1.0,1.0
claude,60s,60,isolation_forest,false_data_injection,4,0.15392232568703154,1.0,0.2649745552341687,1.0,1.0
gemini,60s,60,isolation_forest,false_data_injection,1,0.1555555555555555,1.0,0.2692307692307692,1.0,1.0
grok,60s,60,isolation_forest,false_data_injection,3,0.12612612612612614,0.6666666666666666,0.21202854230377163,0.6666666666666666,1.0
human_authored,60s,60,isolation_forest,false_data_injection,1,0.1314285714285714,1.0,0.2323232323232323,1.0,1.0
chatgpt,60s,60,isolation_forest,unauthorized_command,2,0.14213036565977738,1.0,0.2471208276400546,1.0,1.0
claude,60s,60,isolation_forest,unauthorized_command,1,0.2930232558139535,1.0,0.4532374100719424,1.0,1.0
gemini,60s,60,isolation_forest,unauthorized_command,1,0.403921568627451,1.0,0.5754189944134078,1.0,1.0
grok,60s,60,isolation_forest,unauthorized_command,2,0.1186554621848739,1.0,0.21190629701267993,1.0,1.0
human_authored,60s,60,isolation_forest,unauthorized_command,1,0.2585365853658536,1.0,0.4108527131782946,1.0,1.0
chatgpt,60s,60,lstm,command_delay,1,0.0,0.0,0.0,0.0,
claude,60s,60,lstm,command_delay,1,1.0,0.2325581395348837,0.3773584905660377,1.0,13.0
grok,60s,60,lstm,command_delay,1,0.7384615384615385,1.0,0.8495575221238938,1.0,13.0
human_authored,60s,60,lstm,command_delay,1,0.7307692307692307,1.0,0.8444444444444444,1.0,13.0
chatgpt,60s,60,lstm,command_suppression,1,0.8727272727272727,1.0,0.9320388349514565,1.0,13.0
claude,60s,60,lstm,command_suppression,1,1.0,0.2413793103448276,0.3888888888888889,1.0,13.0
gemini,60s,60,lstm,command_suppression,1,0.896551724137931,1.0,0.9454545454545454,1.0,13.0
grok,60s,60,lstm,command_suppression,1,1.0,0.5,0.6666666666666666,1.0,13.0
human_authored,60s,60,lstm,command_suppression,1,1.0,0.5,0.6666666666666666,1.0,13.0
chatgpt,60s,60,lstm,coordinated_campaign,1,0.0,0.0,0.0,0.0,
grok,60s,60,lstm,coordinated_campaign,1,1.0,0.0377358490566037,0.0727272727272727,1.0,85.0
human_authored,60s,60,lstm,coordinated_campaign,1,1.0,0.0512820512820512,0.0975609756097561,1.0,13.0
chatgpt,60s,60,lstm,degradation,1,1.0,0.5,0.6666666666666666,1.0,13.0
gemini,60s,60,lstm,degradation,2,0.5,0.0465116279069767,0.0851063829787234,0.5,25.0
grok,60s,60,lstm,degradation,1,1.0,0.3255813953488372,0.4912280701754385,1.0,13.0
human_authored,60s,60,lstm,degradation,1,1.0,0.3255813953488372,0.4912280701754385,1.0,13.0
chatgpt,60s,60,lstm,false_data_injection,2,1.0,0.6932367149758454,0.8158783783783784,1.0,13.0
claude,60s,60,lstm,false_data_injection,4,1.0,0.5447842267064236,0.6914907440173398,1.0,13.0
gemini,60s,60,lstm,false_data_injection,1,1.0,0.5,0.6666666666666666,1.0,13.0
grok,60s,60,lstm,false_data_injection,3,0.6666666666666666,0.264221158958001,0.37806873977086736,0.6666666666666666,13.0
human_authored,60s,60,lstm,false_data_injection,1,1.0,0.6086956521739131,0.7567567567567568,1.0,13.0
chatgpt,60s,60,lstm,unauthorized_command,2,1.0,0.6439393939393939,0.7670454545454546,1.0,13.0
claude,60s,60,lstm,unauthorized_command,1,0.0,0.0,0.0,0.0,
gemini,60s,60,lstm,unauthorized_command,1,1.0,0.116504854368932,0.208695652173913,1.0,13.0
grok,60s,60,lstm,unauthorized_command,2,1.0,0.3369565217391304,0.48148148148148145,1.0,13.0
human_authored,60s,60,lstm,unauthorized_command,1,1.0,0.2641509433962264,0.417910447761194,1.0,13.0
chatgpt,60s,60,threshold_baseline,command_delay,1,0.95,1.0,0.9743589743589745,1.0,13.0
claude,60s,60,threshold_baseline,command_delay,1,1.0,0.0232558139534883,0.0454545454545454,1.0,241.0
grok,60s,60,threshold_baseline,command_delay,1,0.8679245283018868,0.9583333333333334,0.9108910891089108,1.0,37.0
human_authored,60s,60,threshold_baseline,command_delay,1,0.8780487804878049,0.9473684210526316,0.9113924050632912,1.0,37.0
chatgpt,60s,60,threshold_baseline,command_suppression,1,1.0,0.9166666666666666,0.9565217391304348,1.0,37.0
claude,60s,60,threshold_baseline,command_suppression,1,0.0,0.0,0.0,0.0,
gemini,60s,60,threshold_baseline,command_suppression,1,1.0,0.9487179487179488,0.9736842105263158,1.0,37.0
grok,60s,60,threshold_baseline,command_suppression,1,0.0,0.0,0.0,0.0,
human_authored,60s,60,threshold_baseline,command_suppression,1,0.0,0.0,0.0,0.0,
chatgpt,60s,60,threshold_baseline,coordinated_campaign,1,0.9692307692307692,1.0,0.984375,1.0,13.0
grok,60s,60,threshold_baseline,coordinated_campaign,1,0.7681159420289855,1.0,0.8688524590163934,1.0,13.0
human_authored,60s,60,threshold_baseline,coordinated_campaign,1,0.9743589743589745,0.9743589743589745,0.9743589743589745,1.0,37.0
chatgpt,60s,60,threshold_baseline,degradation,1,0.0,0.0,0.0,0.0,
gemini,60s,60,threshold_baseline,degradation,2,0.4818181818181818,0.5,0.4907407407407408,0.5,13.0
grok,60s,60,threshold_baseline,degradation,1,0.0,0.0,0.0,0.0,
human_authored,60s,60,threshold_baseline,degradation,1,0.0,0.0,0.0,0.0,
chatgpt,60s,60,threshold_baseline,false_data_injection,2,0.0,0.0,0.0,0.0,
claude,60s,60,threshold_baseline,false_data_injection,4,0.0,0.0,0.0,0.0,
gemini,60s,60,threshold_baseline,false_data_injection,1,0.0,0.0,0.0,0.0,
grok,60s,60,threshold_baseline,false_data_injection,3,0.048689138576779,0.3333333333333333,0.0849673202614379,0.3333333333333333,1.0
human_authored,60s,60,threshold_baseline,false_data_injection,1,0.0,0.0,0.0,0.0,
chatgpt,60s,60,threshold_baseline,unauthorized_command,2,0.0,0.0,0.0,0.0,
claude,60s,60,threshold_baseline,unauthorized_command,1,0.4532374100719424,1.0,0.6237623762376238,1.0,13.0
gemini,60s,60,threshold_baseline,unauthorized_command,1,0.0,0.0,0.0,0.0,
grok,60s,60,threshold_baseline,unauthorized_command,2,0.5,0.1956521739130435,0.28125,0.5,37.0
human_authored,60s,60,threshold_baseline,unauthorized_command,1,0.0,0.0,0.0,0.0,
chatgpt,60s,60,transformer,command_delay,1,0.9722222222222222,0.9210526315789472,0.945945945945946,1.0,1.0
claude,60s,60,transformer,command_delay,1,0.9411764705882352,0.3720930232558139,0.5333333333333333,1.0,1.0
grok,60s,60,transformer,command_delay,1,0.6956521739130435,1.0,0.8205128205128205,1.0,1.0
human_authored,60s,60,transformer,command_delay,1,0.6785714285714286,1.0,0.8085106382978723,1.0,1.0
chatgpt,60s,60,transformer,command_suppression,1,0.8275862068965517,1.0,0.9056603773584906,1.0,1.0
claude,60s,60,transformer,command_suppression,1,0.9375,0.2586206896551724,0.4054054054054054,1.0,1.0
gemini,60s,60,transformer,command_suppression,1,0.8764044943820225,1.0,0.934131736526946,1.0,1.0
grok,60s,60,transformer,command_suppression,1,0.9375,0.5357142857142857,0.6818181818181818,1.0,1.0
human_authored,60s,60,transformer,command_suppression,1,0.9375,0.5357142857142857,0.6818181818181818,1.0,1.0
chatgpt,60s,60,transformer,coordinated_campaign,1,0.875,1.0,0.9333333333333332,1.0,1.0
grok,60s,60,transformer,coordinated_campaign,1,0.803030303030303,1.0,0.8907563025210085,1.0,13.0
human_authored,60s,60,transformer,coordinated_campaign,1,0.8541666666666666,0.5256410256410257,0.6507936507936508,1.0,1.0
chatgpt,60s,60,transformer,degradation,1,0.9375,0.5357142857142857,0.6818181818181818,1.0,1.0
gemini,60s,60,transformer,degradation,2,0.8955223880597014,0.5348837209302325,0.5068840579710144,1.0,31.0
grok,60s,60,transformer,degradation,1,0.9375,0.3488372093023256,0.5084745762711864,1.0,1.0
human_authored,60s,60,transformer,degradation,1,0.9375,0.3488372093023256,0.5084745762711864,1.0,1.0
chatgpt,60s,60,transformer,false_data_injection,2,0.9375,0.7427536231884058,0.8257918552036199,1.0,1.0
claude,60s,60,transformer,false_data_injection,4,0.9375,0.5836973857568823,0.7048460409804947,1.0,1.0
gemini,60s,60,transformer,false_data_injection,1,0.9375,0.5357142857142857,0.6818181818181818,1.0,1.0
grok,60s,60,transformer,false_data_injection,3,0.625,0.28309409888357256,0.3892668178382464,0.6666666666666666,1.0
human_authored,60s,60,transformer,false_data_injection,1,0.9375,0.6521739130434783,0.7692307692307693,1.0,1.0
chatgpt,60s,60,transformer,unauthorized_command,2,0.9375,0.6439393939393939,0.7472989195678271,1.0,1.0
claude,60s,60,transformer,unauthorized_command,1,0.0,0.0,0.0,1.0,1.0
gemini,60s,60,transformer,unauthorized_command,1,0.9375,0.145631067961165,0.2521008403361344,1.0,1.0
grok,60s,60,transformer,unauthorized_command,2,0.9198717948717949,0.572463768115942,0.7013824884792627,1.0,1.0
human_authored,60s,60,transformer,unauthorized_command,1,0.9375,0.2830188679245283,0.4347826086956521,1.0,1.0
chatgpt,60s,60,ttm_extension,command_delay,1,0.5769230769230769,0.3947368421052631,0.46875,1.0,1.0
claude,60s,60,ttm_extension,command_delay,1,0.3333333333333333,0.0697674418604651,0.1153846153846153,1.0,1.0
grok,60s,60,ttm_extension,command_delay,1,0.5,0.125,0.2,1.0,1.0
human_authored,60s,60,ttm_extension,command_delay,1,0.5454545454545454,0.1578947368421052,0.2448979591836734,1.0,1.0
chatgpt,60s,60,ttm_extension,command_suppression,1,0.6666666666666666,0.1666666666666666,0.2666666666666666,1.0,1.0
claude,60s,60,ttm_extension,command_suppression,1,0.0,0.0,0.0,1.0,1.0
gemini,60s,60,ttm_extension,command_suppression,1,0.5714285714285714,0.1025641025641025,0.1739130434782608,1.0,1.0
grok,60s,60,ttm_extension,command_suppression,1,0.0,0.0,0.0,1.0,1.0
human_authored,60s,60,ttm_extension,command_suppression,1,0.0,0.0,0.0,1.0,1.0
chatgpt,60s,60,ttm_extension,coordinated_campaign,1,0.5925925925925926,0.2539682539682539,0.3555555555555555,1.0,1.0
grok,60s,60,ttm_extension,coordinated_campaign,1,0.7666666666666667,0.8679245283018868,0.8141592920353983,1.0,1.0
human_authored,60s,60,ttm_extension,coordinated_campaign,1,0.8571428571428571,1.0,0.9230769230769232,1.0,1.0
chatgpt,60s,60,ttm_extension,degradation,1,0.0,0.0,0.0,1.0,1.0
gemini,60s,60,ttm_extension,degradation,2,0.36363636363636365,0.37735849056603776,0.37037037037037035,1.0,1.0
grok,60s,60,ttm_extension,degradation,1,0.0,0.0,0.0,1.0,1.0
human_authored,60s,60,ttm_extension,degradation,1,0.0,0.0,0.0,1.0,1.0
chatgpt,60s,60,ttm_extension,false_data_injection,2,0.0,0.0,0.0,1.0,1.0
claude,60s,60,ttm_extension,false_data_injection,4,0.0,0.0,0.0,1.0,1.0
gemini,60s,60,ttm_extension,false_data_injection,1,0.0,0.0,0.0,1.0,1.0
grok,60s,60,ttm_extension,false_data_injection,3,0.0,0.0,0.0,1.0,1.0
human_authored,60s,60,ttm_extension,false_data_injection,1,0.0,0.0,0.0,1.0,1.0
chatgpt,60s,60,ttm_extension,unauthorized_command,2,0.0,0.0,0.0,1.0,1.0
claude,60s,60,ttm_extension,unauthorized_command,1,0.45,1.0,0.6206896551724138,1.0,1.0
gemini,60s,60,ttm_extension,unauthorized_command,1,0.5,0.0097087378640776,0.019047619047619,1.0,1.0
grok,60s,60,ttm_extension,unauthorized_command,2,0.7,0.22342995169082125,0.3227272727272727,1.0,1.0
human_authored,60s,60,ttm_extension,unauthorized_command,1,0.0,0.0,0.0,1.0,1.0
chatgpt,300s,300,autoencoder,command_delay,1,0.2571428571428571,0.9,0.4,1.0,1.0
claude,300s,300,autoencoder,command_delay,1,0.282051282051282,1.0,0.44,1.0,1.0
grok,300s,300,autoencoder,command_delay,1,0.3529411764705882,1.0,0.5217391304347826,1.0,1.0
human_authored,300s,300,autoencoder,command_delay,1,0.2941176470588235,1.0,0.4545454545454545,1.0,1.0
chatgpt,300s,300,autoencoder,command_suppression,1,0.3243243243243243,1.0,0.4897959183673469,1.0,1.0
claude,300s,300,autoencoder,command_suppression,1,0.3513513513513513,0.9285714285714286,0.5098039215686274,1.0,1.0
gemini,300s,300,autoencoder,command_suppression,1,0.4285714285714285,1.0,0.6,1.0,1.0
grok,300s,300,autoencoder,command_suppression,1,0.25,0.875,0.3888888888888889,1.0,1.0
human_authored,300s,300,autoencoder,command_suppression,1,0.1612903225806451,0.625,0.2564102564102564,1.0,1.0
chatgpt,300s,300,autoencoder,coordinated_campaign,1,0.3658536585365853,1.0,0.5357142857142857,1.0,1.0
grok,300s,300,autoencoder,coordinated_campaign,1,0.2888888888888888,1.0,0.4482758620689655,1.0,1.0
human_authored,300s,300,autoencoder,coordinated_campaign,1,0.3829787234042553,1.0,0.5538461538461539,1.0,1.0
chatgpt,300s,300,autoencoder,degradation,1,0.2285714285714285,1.0,0.3720930232558139,1.0,1.0
gemini,300s,300,autoencoder,degradation,2,0.29040697674418603,1.0,0.4489867225716282,1.0,1.0
grok,300s,300,autoencoder,degradation,1,0.2941176470588235,0.9090909090909092,0.4444444444444444,1.0,1.0
human_authored,300s,300,autoencoder,degradation,1,0.2432432432432432,0.8181818181818182,0.375,1.0,1.0
chatgpt,300s,300,autoencoder,false_data_injection,2,0.21875,1.0,0.35789473684210527,1.0,1.0
claude,300s,300,autoencoder,false_data_injection,4,0.21034832624272276,0.8559523809523809,0.33507549361207895,1.0,1.0
gemini,300s,300,autoencoder,false_data_injection,1,0.2424242424242424,1.0,0.3902439024390244,1.0,1.0
grok,300s,300,autoencoder,false_data_injection,3,0.2222222222222222,0.8185185185185185,0.3465811965811965,1.0,1.0
human_authored,300s,300,autoencoder,false_data_injection,1,0.2058823529411764,1.0,0.3414634146341463,1.0,1.0
chatgpt,300s,300,autoencoder,unauthorized_command,2,0.20109890109890105,1.0,0.33384146341463417,1.0,1.0
claude,300s,300,autoencoder,unauthorized_command,1,0.3333333333333333,1.0,0.5,1.0,1.0
gemini,300s,300,autoencoder,unauthorized_command,1,0.46,1.0,0.6301369863013698,1.0,1.0
grok,300s,300,autoencoder,unauthorized_command,2,0.18571428571428572,0.9285714285714286,0.3085036255767963,1.0,1.0
human_authored,300s,300,autoencoder,unauthorized_command,1,0.2619047619047619,0.8461538461538461,0.4,1.0,1.0
chatgpt,300s,300,gru,command_delay,1,1.0,0.7,0.8235294117647058,1.0,61.0
claude,300s,300,gru,command_delay,1,1.0,0.5454545454545454,0.7058823529411765,1.0,61.0
grok,300s,300,gru,command_delay,1,0.7058823529411765,1.0,0.8275862068965517,1.0,61.0
human_authored,300s,300,gru,command_delay,1,0.6666666666666666,1.0,0.8,1.0,61.0
chatgpt,300s,300,gru,command_suppression,1,0.8571428571428571,1.0,0.9230769230769232,1.0,61.0
claude,300s,300,gru,command_suppression,1,1.0,0.4285714285714285,0.6,1.0,61.0
gemini,300s,300,gru,command_suppression,1,0.9,1.0,0.9473684210526316,1.0,61.0
grok,300s,300,gru,command_suppression,1,1.0,0.875,0.9333333333333332,1.0,61.0
human_authored,300s,300,gru,command_suppression,1,1.0,0.875,0.9333333333333332,1.0,61.0
chatgpt,300s,300,gru,coordinated_campaign,1,0.8823529411764706,1.0,0.9375,1.0,61.0
grok,300s,300,gru,coordinated_campaign,1,0.8666666666666667,1.0,0.9285714285714286,1.0,61.0
human_authored,300s,300,gru,coordinated_campaign,1,0.0,0.0,0.0,0.0,
chatgpt,300s,300,gru,degradation,1,1.0,0.875,0.9333333333333332,1.0,61.0
gemini,300s,300,gru,degradation,2,1.0,0.5874125874125874,0.7388888888888889,1.0,61.0
grok,300s,300,gru,degradation,1,1.0,0.6363636363636364,0.7777777777777778,1.0,61.0
human_authored,300s,300,gru,degradation,1,1.0,0.6363636363636364,0.7777777777777778,1.0,61.0
chatgpt,300s,300,gru,false_data_injection,2,1.0,0.9285714285714286,0.9615384615384617,1.0,61.0
claude,300s,300,gru,false_data_injection,4,0.9642857142857143,0.8166666666666667,0.8682692307692308,1.0,61.0
gemini,300s,300,gru,false_data_injection,1,1.0,0.875,0.9333333333333332,1.0,61.0
grok,300s,300,gru,false_data_injection,3,1.0,0.700925925925926,0.8225867269984918,1.0,81.0
human_authored,300s,300,gru,false_data_injection,1,1.0,0.8571428571428571,0.9230769230769232,1.0,61.0
chatgpt,300s,300,gru,unauthorized_command,2,0.9285714285714286,0.8333333333333333,0.8615384615384616,1.0,61.0
claude,300s,300,gru,unauthorized_command,1,1.0,0.1333333333333333,0.2352941176470588,1.0,61.0
gemini,300s,300,gru,unauthorized_command,1,1.0,0.3043478260869565,0.4666666666666667,1.0,61.0
grok,300s,300,gru,unauthorized_command,2,0.9285714285714286,0.5714285714285714,0.5865384615384617,1.0,121.0
human_authored,300s,300,gru,unauthorized_command,1,1.0,0.4615384615384615,0.631578947368421,1.0,61.0
chatgpt,300s,300,isolation_forest,command_delay,1,0.1621621621621621,0.6,0.2553191489361702,1.0,301.0
claude,300s,300,isolation_forest,command_delay,1,0.1842105263157894,0.6363636363636364,0.2857142857142857,1.0,301.0
grok,300s,300,isolation_forest,command_delay,1,0.2051282051282051,0.6666666666666666,0.3137254901960784,1.0,301.0
human_authored,300s,300,isolation_forest,command_delay,1,0.1388888888888889,0.5,0.217391304347826,1.0,301.0
chatgpt,300s,300,isolation_forest,command_suppression,1,0.2051282051282051,0.6666666666666666,0.3137254901960784,1.0,301.0
claude,300s,300,isolation_forest,command_suppression,1,0.2439024390243902,0.7142857142857143,0.3636363636363636,1.0,301.0
gemini,300s,300,isolation_forest,command_suppression,1,0.3111111111111111,0.7777777777777778,0.4444444444444444,1.0,301.0
grok,300s,300,isolation_forest,command_suppression,1,0.1142857142857142,0.5,0.1860465116279069,1.0,301.0
human_authored,300s,300,isolation_forest,command_suppression,1,0.1142857142857142,0.5,0.1860465116279069,1.0,301.0
chatgpt,300s,300,isolation_forest,coordinated_campaign,1,0.2619047619047619,0.7333333333333333,0.3859649122807017,1.0,301.0
grok,300s,300,isolation_forest,coordinated_campaign,1,0.0,0.0,0.0,0.0,
human_authored,300s,300,isolation_forest,coordinated_campaign,1,0.0,0.0,0.0,1.0,1441.0
chatgpt,300s,300,isolation_forest,degradation,1,0.1142857142857142,0.5,0.1860465116279069,1.0,301.0
gemini,300s,300,isolation_forest,degradation,2,0.2046052631578947,0.6643356643356644,0.3126684636118598,1.0,301.0
grok,300s,300,isolation_forest,degradation,1,0.2058823529411764,0.6363636363636364,0.3111111111111111,1.0,301.0
human_authored,300s,300,isolation_forest,degradation,1,0.1842105263157894,0.6363636363636364,0.2857142857142857,1.0,301.0
chatgpt,300s,300,isolation_forest,false_data_injection,2,0.0744206773618538,0.38095238095238093,0.12445278298936831,1.0,301.0
claude,300s,300,isolation_forest,false_data_injection,4,0.11247310144368965,0.4793650793650793,0.18161173428428226,1.0,301.0
gemini,300s,300,isolation_forest,false_data_injection,1,0.1142857142857142,0.5,0.1860465116279069,1.0,301.0
grok,300s,300,isolation_forest,false_data_injection,3,0.10035035035035034,0.38518518518518513,0.15918045705279746,0.6666666666666666,301.0
human_authored,300s,300,isolation_forest,false_data_injection,1,0.088235294117647,0.4285714285714285,0.1463414634146341,1.0,301.0
chatgpt,300s,300,isolation_forest,unauthorized_command,2,0.09974747474747475,0.4444444444444444,0.16239316239316237,1.0,301.0
claude,300s,300,isolation_forest,unauthorized_command,1,0.2619047619047619,0.7333333333333333,0.3859649122807017,1.0,301.0
gemini,300s,300,isolation_forest,unauthorized_command,1,0.3404255319148936,0.6956521739130435,0.4571428571428571,1.0,301.0
grok,300s,300,isolation_forest,unauthorized_command,2,0.0606060606060606,0.30952380952380953,0.10128205128205126,1.0,331.0
human_authored,300s,300,isolation_forest,unauthorized_command,1,0.225,0.6923076923076923,0.3396226415094339,1.0,301.0
chatgpt,300s,300,lstm,command_delay,1,1.0,0.7,0.8235294117647058,1.0,61.0
claude,300s,300,lstm,command_delay,1,1.0,0.6363636363636364,0.7777777777777778,1.0,61.0
grok,300s,300,lstm,command_delay,1,0.8,1.0,0.8888888888888888,1.0,61.0
human_authored,300s,300,lstm,command_delay,1,0.7692307692307693,1.0,0.8695652173913043,1.0,61.0
chatgpt,300s,300,lstm,command_suppression,1,0.9230769230769232,1.0,0.96,1.0,61.0
claude,300s,300,lstm,command_suppression,1,1.0,0.5,0.6666666666666666,1.0,61.0
gemini,300s,300,lstm,command_suppression,1,0.9473684210526316,1.0,0.972972972972973,1.0,61.0
grok,300s,300,lstm,command_suppression,1,1.0,0.875,0.9333333333333332,1.0,61.0
human_authored,300s,300,lstm,command_suppression,1,1.0,0.875,0.9333333333333332,1.0,61.0
chatgpt,300s,300,lstm,coordinated_campaign,1,0.9375,1.0,0.967741935483871,1.0,61.0
grok,300s,300,lstm,coordinated_campaign,1,0.9285714285714286,1.0,0.9629629629629628,1.0,61.0
human_authored,300s,300,lstm,coordinated_campaign,1,0.75,0.1666666666666666,0.2727272727272727,1.0,121.0
chatgpt,300s,300,lstm,degradation,1,1.0,0.875,0.9333333333333332,1.0,61.0
gemini,300s,300,lstm,degradation,2,1.0,0.5874125874125874,0.7388888888888889,1.0,61.0
grok,300s,300,lstm,degradation,1,0.8888888888888888,0.7272727272727273,0.8,1.0,61.0
human_authored,300s,300,lstm,degradation,1,1.0,0.6363636363636364,0.7777777777777778,1.0,61.0
chatgpt,300s,300,lstm,false_data_injection,2,0.9285714285714286,1.0,0.9615384615384617,1.0,61.0
claude,300s,300,lstm,false_data_injection,4,0.9642857142857143,0.8694444444444445,0.9054015837104072,1.0,61.0
gemini,300s,300,lstm,false_data_injection,1,1.0,0.875,0.9333333333333332,1.0,61.0
grok,300s,300,lstm,false_data_injection,3,1.0,0.700925925925926,0.8225867269984918,1.0,81.0
human_authored,300s,300,lstm,false_data_injection,1,1.0,1.0,1.0,1.0,61.0
chatgpt,300s,300,lstm,unauthorized_command,2,0.9285714285714286,0.8888888888888888,0.8990384615384617,1.0,61.0
claude,300s,300,lstm,unauthorized_command,1,1.0,0.2,0.3333333333333333,1.0,61.0
gemini,300s,300,lstm,unauthorized_command,1,1.0,0.3043478260869565,0.4666666666666667,1.0,61.0
grok,300s,300,lstm,unauthorized_command,2,0.9285714285714286,0.7857142857142857,0.8251748251748252,1.0,91.0
human_authored,300s,300,lstm,unauthorized_command,1,1.0,0.5384615384615384,0.7,1.0,61.0
chatgpt,300s,300,threshold_baseline,command_delay,1,0.7692307692307693,1.0,0.8695652173913043,1.0,1.0
claude,300s,300,threshold_baseline,command_delay,1,0.0,0.0,0.0,0.0,
grok,300s,300,threshold_baseline,command_delay,1,0.8,1.0,0.8888888888888888,1.0,61.0
human_authored,300s,300,threshold_baseline,command_delay,1,0.7692307692307693,1.0,0.8695652173913043,1.0,61.0
chatgpt,300s,300,threshold_baseline,command_suppression,1,0.8571428571428571,1.0,0.9230769230769232,1.0,1.0
claude,300s,300,threshold_baseline,command_suppression,1,0.0,0.0,0.0,0.0,
gemini,300s,300,threshold_baseline,command_suppression,1,0.9473684210526316,1.0,0.972972972972973,1.0,61.0
grok,300s,300,threshold_baseline,command_suppression,1,0.0,0.0,0.0,0.0,
human_authored,300s,300,threshold_baseline,command_suppression,1,0.0,0.0,0.0,0.0,
chatgpt,300s,300,threshold_baseline,coordinated_campaign,1,0.8333333333333334,1.0,0.9090909090909092,1.0,1.0
grok,300s,300,threshold_baseline,coordinated_campaign,1,0.8666666666666667,1.0,0.9285714285714286,1.0,1.0
human_authored,300s,300,threshold_baseline,coordinated_campaign,1,0.9473684210526316,1.0,0.972972972972973,1.0,61.0
chatgpt,300s,300,threshold_baseline,degradation,1,0.0,0.0,0.0,0.0,
gemini,300s,300,threshold_baseline,degradation,2,0.3333333333333333,0.0769230769230769,0.125,0.5,1.0
grok,300s,300,threshold_baseline,degradation,1,0.0,0.0,0.0,0.0,
human_authored,300s,300,threshold_baseline,degradation,1,0.0,0.0,0.0,0.0,
chatgpt,300s,300,threshold_baseline,false_data_injection,2,0.42857142857142855,0.5,0.4615384615384616,0.5,61.0
claude,300s,300,threshold_baseline,false_data_injection,4,0.0,0.0,0.0,0.0,
gemini,300s,300,threshold_baseline,false_data_injection,1,0.0,0.0,0.0,0.0,
grok,300s,300,threshold_baseline,false_data_injection,3,0.26666666666666666,0.16666666666666666,0.20512820512820515,0.3333333333333333,1.0
human_authored,300s,300,threshold_baseline,false_data_injection,1,0.0,0.0,0.0,0.0,
chatgpt,300s,300,threshold_baseline,unauthorized_command,2,0.0,0.0,0.0,0.0,
claude,300s,300,threshold_baseline,unauthorized_command,1,0.4838709677419355,1.0,0.6521739130434783,1.0,61.0
gemini,300s,300,threshold_baseline,unauthorized_command,1,0.0,0.0,0.0,0.0,
grok,300s,300,threshold_baseline,unauthorized_command,2,0.5,0.42857142857142855,0.4615384615384616,0.5,61.0
human_authored,300s,300,threshold_baseline,unauthorized_command,1,0.0,0.0,0.0,0.0,
chatgpt,300s,300,transformer,command_delay,1,1.0,0.6,0.75,1.0,61.0
claude,300s,300,transformer,command_delay,1,1.0,0.5454545454545454,0.7058823529411765,1.0,61.0
grok,300s,300,transformer,command_delay,1,0.7058823529411765,1.0,0.8275862068965517,1.0,61.0
human_authored,300s,300,transformer,command_delay,1,0.625,1.0,0.7692307692307693,1.0,61.0
chatgpt,300s,300,transformer,command_suppression,1,0.8,1.0,0.8888888888888888,1.0,61.0
claude,300s,300,transformer,command_suppression,1,1.0,0.4285714285714285,0.6,1.0,61.0
gemini,300s,300,transformer,command_suppression,1,0.8181818181818182,1.0,0.9,1.0,61.0
grok,300s,300,transformer,command_suppression,1,0.875,0.875,0.875,1.0,1.0
human_authored,300s,300,transformer,command_suppression,1,0.8571428571428571,0.75,0.8,1.0,1.0
chatgpt,300s,300,transformer,coordinated_campaign,1,0.8823529411764706,1.0,0.9375,1.0,61.0
grok,300s,300,transformer,coordinated_campaign,1,0.7222222222222222,1.0,0.8387096774193549,1.0,1.0
human_authored,300s,300,transformer,coordinated_campaign,1,0.0,0.0,0.0,0.0,
chatgpt,300s,300,transformer,degradation,1,1.0,0.75,0.8571428571428571,1.0,61.0
gemini,300s,300,transformer,degradation,2,0.9375,0.548951048951049,0.6842105263157894,1.0,31.0
grok,300s,300,transformer,degradation,1,0.875,0.6363636363636364,0.7368421052631579,1.0,1.0
human_authored,300s,300,transformer,degradation,1,1.0,0.5454545454545454,0.7058823529411765,1.0,61.0
chatgpt,300s,300,transformer,false_data_injection,2,1.0,0.9285714285714286,0.9615384615384617,1.0,61.0
claude,300s,300,transformer,false_data_injection,4,1.0,0.780952380952381,0.8682692307692308,1.0,61.0
gemini,300s,300,transformer,false_data_injection,1,1.0,0.75,0.8571428571428571,1.0,61.0
grok,300s,300,transformer,false_data_injection,3,0.9583333333333334,0.7055555555555556,0.8116402116402117,1.0,41.0
human_authored,300s,300,transformer,false_data_injection,1,1.0,0.8571428571428571,0.9230769230769232,1.0,61.0
chatgpt,300s,300,transformer,unauthorized_command,2,1.0,0.8333333333333333,0.9,1.0,61.0
claude,300s,300,transformer,unauthorized_command,1,0.7777777777777778,0.4666666666666667,0.5833333333333334,1.0,61.0
gemini,300s,300,transformer,unauthorized_command,1,1.0,0.2608695652173913,0.4137931034482758,1.0,61.0
grok,300s,300,transformer,unauthorized_command,2,0.5,0.5,0.5,1.0,31.0
human_authored,300s,300,transformer,unauthorized_command,1,1.0,0.4615384615384615,0.631578947368421,1.0,61.0
